web,filename
www.contactcanada.com/database/freesearch.php?portal=0a10&action=view_profile&id=14614,assoc652.csv
www.contactcanada.com/database/freesearch.php?portal=0a10&action=view_profile&id=10635,assoc653.csv
www.contactcanada.com/database/freesearch.php?portal=0a10&action=view_profile&id=4588,assoc654.csv
www.contactcanada.com/database/freesearch.php?portal=0a10&action=view_profile&id=1584,assoc655.csv
www.contactcanada.com/database/freesearch.php?portal=0a10&action=view_profile&id=10844,assoc656.csv
www.contactcanada.com/database/freesearch.php?portal=0a10&action=view_profile&id=11151,assoc657.csv
www.contactcanada.com/database/freesearch.php?portal=0a10&action=view_profile&id=4626,assoc658.csv
www.contactcanada.com/database/freesearch.php?portal=0a10&action=view_profile&id=13475,assoc659.csv
www.contactcanada.com/database/freesearch.php?portal=0a10&action=view_profile&id=16196,assoc660.csv
www.contactcanada.com/database/freesearch.php?portal=0a10&action=view_profile&id=10839,assoc661.csv
www.contactcanada.com/database/freesearch.php?portal=0a10&action=view_profile&id=13454,assoc662.csv
www.contactcanada.com/database/freesearch.php?portal=0a10&action=view_profile&id=10446,assoc663.csv
www.contactcanada.com/database/freesearch.php?portal=0a10&action=view_profile&id=10703,assoc664.csv
www.contactcanada.com/database/freesearch.php?portal=0a10&action=view_profile&id=8046,assoc665.csv
www.contactcanada.com/database/freesearch.php?portal=0a10&action=view_profile&id=9841,assoc666.csv
www.contactcanada.com/database/freesearch.php?portal=0a10&action=view_profile&id=10636,assoc667.csv
www.contactcanada.com/database/freesearch.php?portal=0a10&action=view_profile&id=4768,assoc668.csv
www.contactcanada.com/database/freesearch.php?portal=0a10&action=view_profile&id=14821,assoc669.csv
www.contactcanada.com/database/freesearch.php?portal=0a10&action=view_profile&id=13728,assoc670.csv
www.contactcanada.com/database/freesearch.php?portal=0a10&action=view_profile&id=11059,assoc671.csv
www.contactcanada.com/database/freesearch.php?portal=0a10&action=view_profile&id=4776,assoc672.csv
www.contactcanada.com/database/freesearch.php?portal=0a10&action=view_profile&id=15911,assoc673.csv
www.contactcanada.com/database/freesearch.php?portal=0a10&action=view_profile&id=11710,assoc674.csv
www.contactcanada.com/database/freesearch.php?portal=0a10&action=view_profile&id=11128,assoc675.csv
www.contactcanada.com/database/freesearch.php?portal=0a10&action=view_profile&id=14322,assoc676.csv
www.contactcanada.com/database/freesearch.php?portal=0a10&action=view_profile&id=4823,assoc677.csv
www.contactcanada.com/database/freesearch.php?portal=0a10&action=view_profile&id=4834,assoc678.csv
www.contactcanada.com/database/freesearch.php?portal=0a10&action=view_profile&id=14057,assoc679.csv
www.contactcanada.com/database/freesearch.php?portal=0a10&action=view_profile&id=13745,assoc680.csv
www.contactcanada.com/database/freesearch.php?portal=0a10&action=view_profile&id=9999,assoc681.csv
www.contactcanada.com/database/freesearch.php?portal=0a10&action=view_profile&id=4769,assoc682.csv
www.contactcanada.com/database/freesearch.php?portal=0a10&action=view_profile&id=14378,assoc683.csv
www.contactcanada.com/database/freesearch.php?portal=0a10&action=view_profile&id=4857,assoc684.csv
www.contactcanada.com/database/freesearch.php?portal=0a10&action=view_profile&id=8662,assoc685.csv
www.contactcanada.com/database/freesearch.php?portal=0a10&action=view_profile&id=15214,assoc686.csv
www.contactcanada.com/database/freesearch.php?portal=0a10&action=view_profile&id=136,assoc687.csv
www.contactcanada.com/database/freesearch.php?portal=0a10&action=view_profile&id=4888,assoc688.csv
www.contactcanada.com/database/freesearch.php?portal=0a10&action=view_profile&id=4889,assoc689.csv
www.contactcanada.com/database/freesearch.php?portal=0a10&action=view_profile&id=4891,assoc690.csv
www.contactcanada.com/database/freesearch.php?portal=0a10&action=view_profile&id=4897,assoc691.csv
www.contactcanada.com/database/freesearch.php?portal=0a10&action=view_profile&id=10447,assoc692.csv
www.contactcanada.com/database/freesearch.php?portal=0a10&action=view_profile&id=4898,assoc693.csv
www.contactcanada.com/database/freesearch.php?portal=0a10&action=view_profile&id=11672,assoc694.csv
www.contactcanada.com/database/freesearch.php?portal=0a10&action=view_profile&id=11122,assoc695.csv
www.contactcanada.com/database/freesearch.php?portal=0a10&action=view_profile&id=14655,assoc696.csv
www.contactcanada.com/database/freesearch.php?portal=0a10&action=view_profile&id=14822,assoc697.csv
www.contactcanada.com/database/freesearch.php?portal=0a10&action=view_profile&id=11060,assoc698.csv
www.contactcanada.com/database/freesearch.php?portal=0a10&action=view_profile&id=14706,assoc699.csv
www.contactcanada.com/database/freesearch.php?portal=0a10&action=view_profile&id=4941,assoc700.csv
www.contactcanada.com/database/freesearch.php?portal=0a10&action=view_profile&id=13684,assoc701.csv
www.contactcanada.com/database/freesearch.php?portal=0a10&action=view_profile&id=10606,assoc702.csv
www.contactcanada.com/database/freesearch.php?portal=0a10&action=view_profile&id=4953,assoc703.csv
www.contactcanada.com/database/freesearch.php?portal=0a10&action=view_profile&id=4958,assoc704.csv
www.contactcanada.com/database/freesearch.php?portal=0a10&action=view_profile&id=10563,assoc705.csv
www.contactcanada.com/database/freesearch.php?portal=0a10&action=view_profile&id=10607,assoc706.csv
www.contactcanada.com/database/freesearch.php?portal=0a10&action=view_profile&id=10763,assoc707.csv
www.contactcanada.com/database/freesearch.php?portal=0a10&action=view_profile&id=315,assoc708.csv
www.contactcanada.com/database/freesearch.php?portal=0a10&action=view_profile&id=10732,assoc709.csv
www.contactcanada.com/database/freesearch.php?portal=0a10&action=view_profile&id=4979,assoc710.csv
www.contactcanada.com/database/freesearch.php?portal=0a10&action=view_profile&id=10443,assoc711.csv
www.contactcanada.com/database/freesearch.php?portal=0a10&action=view_profile&id=4987,assoc712.csv
www.contactcanada.com/database/freesearch.php?portal=0a10&action=view_profile&id=14823,assoc713.csv
www.contactcanada.com/database/freesearch.php?portal=0a10&action=view_profile&id=4990,assoc714.csv
www.contactcanada.com/database/freesearch.php?portal=0a10&action=view_profile&id=14812,assoc715.csv
www.contactcanada.com/database/freesearch.php?portal=0a10&action=view_profile&id=4994,assoc716.csv
www.contactcanada.com/database/freesearch.php?portal=0a10&action=view_profile&id=10639,assoc717.csv
www.contactcanada.com/database/freesearch.php?portal=0a10&action=view_profile&id=9934,assoc718.csv
www.contactcanada.com/database/freesearch.php?portal=0a10&action=view_profile&id=10640,assoc719.csv
www.contactcanada.com/database/freesearch.php?portal=0a10&action=view_profile&id=8601,assoc720.csv
www.contactcanada.com/database/freesearch.php?portal=0a10&action=view_profile&id=5028,assoc721.csv
www.contactcanada.com/database/freesearch.php?portal=0a10&action=view_profile&id=14379,assoc722.csv
www.contactcanada.com/database/freesearch.php?portal=0a10&action=view_profile&id=14592,assoc723.csv
www.contactcanada.com/database/freesearch.php?portal=0a10&action=view_profile&id=10641,assoc724.csv
www.contactcanada.com/database/freesearch.php?portal=0a10&action=view_profile&id=11162,assoc725.csv
www.contactcanada.com/database/freesearch.php?portal=0a10&action=view_profile&id=111,assoc726.csv
www.contactcanada.com/database/freesearch.php?portal=0a10&action=view_profile&id=5096,assoc727.csv
www.contactcanada.com/database/freesearch.php?portal=0a10&action=view_profile&id=5098,assoc728.csv
www.contactcanada.com/database/freesearch.php?portal=0a10&action=view_profile&id=5104,assoc729.csv
www.contactcanada.com/database/freesearch.php?portal=0a10&action=view_profile&id=10642,assoc730.csv
www.contactcanada.com/database/freesearch.php?portal=0a10&action=view_profile&id=5119,assoc731.csv
www.contactcanada.com/database/freesearch.php?portal=0a10&action=view_profile&id=5120,assoc732.csv
www.contactcanada.com/database/freesearch.php?portal=0a10&action=view_profile&id=10608,assoc733.csv
www.contactcanada.com/database/freesearch.php?portal=0a10&action=view_profile&id=5131,assoc734.csv
www.contactcanada.com/database/freesearch.php?portal=0a10&action=view_profile&id=14032,assoc735.csv
www.contactcanada.com/database/freesearch.php?portal=0a10&action=view_profile&id=14390,assoc736.csv
www.contactcanada.com/database/freesearch.php?portal=0a10&action=view_profile&id=11061,assoc737.csv
www.contactcanada.com/database/freesearch.php?portal=0a10&action=view_profile&id=5157,assoc738.csv
www.contactcanada.com/database/freesearch.php?portal=0a10&action=view_profile&id=5163,assoc739.csv
www.contactcanada.com/database/freesearch.php?portal=0a10&action=view_profile&id=5165,assoc740.csv
www.contactcanada.com/database/freesearch.php?portal=0a10&action=view_profile&id=9312,assoc741.csv
www.contactcanada.com/database/freesearch.php?portal=0a10&action=view_profile&id=5173,assoc742.csv
www.contactcanada.com/database/freesearch.php?portal=0a10&action=view_profile&id=9243,assoc743.csv
www.contactcanada.com/database/freesearch.php?portal=0a10&action=view_profile&id=13561,assoc744.csv
www.contactcanada.com/database/freesearch.php?portal=0a10&action=view_profile&id=5241,assoc745.csv
www.contactcanada.com/database/freesearch.php?portal=0a10&action=view_profile&id=3399,assoc746.csv
www.contactcanada.com/database/freesearch.php?portal=0a10&action=view_profile&id=8655,assoc747.csv
www.contactcanada.com/database/freesearch.php?portal=0a10&action=view_profile&id=5247,assoc748.csv
www.contactcanada.com/database/freesearch.php?portal=0a10&action=view_profile&id=8974,assoc749.csv
www.contactcanada.com/database/freesearch.php?portal=0a10&action=view_profile&id=14163,assoc750.csv
www.contactcanada.com/database/freesearch.php?portal=0a10&action=view_profile&id=11158,assoc751.csv
www.contactcanada.com/database/freesearch.php?portal=0a10&action=view_profile&id=11142,assoc752.csv
www.contactcanada.com/database/freesearch.php?portal=0a10&action=view_profile&id=5330,assoc753.csv
www.contactcanada.com/database/freesearch.php?portal=0a10&action=view_profile&id=10646,assoc754.csv
www.contactcanada.com/database/freesearch.php?portal=0a10&action=view_profile&id=14772,assoc755.csv
www.contactcanada.com/database/freesearch.php?portal=0a10&action=view_profile&id=13747,assoc756.csv
www.contactcanada.com/database/freesearch.php?portal=0a10&action=view_profile&id=10598,assoc757.csv
www.contactcanada.com/database/freesearch.php?portal=0a10&action=view_profile&id=11821,assoc758.csv
www.contactcanada.com/database/freesearch.php?portal=0a10&action=view_profile&id=11143,assoc759.csv
www.contactcanada.com/database/freesearch.php?portal=0a10&action=view_profile&id=13457,assoc760.csv
www.contactcanada.com/database/freesearch.php?portal=0a10&action=view_profile&id=11179,assoc761.csv
www.contactcanada.com/database/freesearch.php?portal=0a10&action=view_profile&id=8487,assoc762.csv
www.contactcanada.com/database/freesearch.php?portal=0a10&action=view_profile&id=14067,assoc763.csv
www.contactcanada.com/database/freesearch.php?portal=0a10&action=view_profile&id=8957,assoc764.csv
www.contactcanada.com/database/freesearch.php?portal=0a10&action=view_profile&id=5367,assoc765.csv
www.contactcanada.com/database/freesearch.php?portal=0a10&action=view_profile&id=5369,assoc766.csv
www.contactcanada.com/database/freesearch.php?portal=0a10&action=view_profile&id=5372,assoc767.csv
www.contactcanada.com/database/freesearch.php?portal=0a10&action=view_profile&id=5374,assoc768.csv
www.contactcanada.com/database/freesearch.php?portal=0a10&action=view_profile&id=13685,assoc769.csv
www.contactcanada.com/database/freesearch.php?portal=0a10&action=view_profile&id=11823,assoc770.csv
www.contactcanada.com/database/freesearch.php?portal=0a10&action=view_profile&id=5418,assoc771.csv
www.contactcanada.com/database/freesearch.php?portal=0a10&action=view_profile&id=5422,assoc772.csv
www.contactcanada.com/database/freesearch.php?portal=0a10&action=view_profile&id=11150,assoc773.csv
www.contactcanada.com/database/freesearch.php?portal=0a10&action=view_profile&id=14576,assoc774.csv
www.contactcanada.com/database/freesearch.php?portal=0a10&action=view_profile&id=10647,assoc775.csv
www.contactcanada.com/database/freesearch.php?portal=0a10&action=view_profile&id=8635,assoc776.csv
www.contactcanada.com/database/freesearch.php?portal=0a10&action=view_profile&id=10717,assoc777.csv
www.contactcanada.com/database/freesearch.php?portal=0a10&action=view_profile&id=5469,assoc778.csv
www.contactcanada.com/database/freesearch.php?portal=0a10&action=view_profile&id=10736,assoc779.csv
www.contactcanada.com/database/freesearch.php?portal=0a10&action=view_profile&id=9231,assoc780.csv
www.contactcanada.com/database/freesearch.php?portal=0a10&action=view_profile&id=5479,assoc781.csv
www.contactcanada.com/database/freesearch.php?portal=0a10&action=view_profile&id=13693,assoc782.csv
www.contactcanada.com/database/freesearch.php?portal=0a10&action=view_profile&id=10649,assoc783.csv
www.contactcanada.com/database/freesearch.php?portal=0a10&action=view_profile&id=14064,assoc784.csv
www.contactcanada.com/database/freesearch.php?portal=0a10&action=view_profile&id=13729,assoc785.csv
www.contactcanada.com/database/freesearch.php?portal=0a10&action=view_profile&id=13689,assoc786.csv
www.contactcanada.com/database/freesearch.php?portal=0a10&action=view_profile&id=5527,assoc787.csv
www.contactcanada.com/database/freesearch.php?portal=0a10&action=view_profile&id=15166,assoc788.csv
www.contactcanada.com/database/freesearch.php?portal=0a10&action=view_profile&id=9131,assoc789.csv
www.contactcanada.com/database/freesearch.php?portal=0a10&action=view_profile&id=15148,assoc790.csv
www.contactcanada.com/database/freesearch.php?portal=0a10&action=view_profile&id=5579,assoc791.csv
www.contactcanada.com/database/freesearch.php?portal=0a10&action=view_profile&id=5607,assoc792.csv
www.contactcanada.com/database/freesearch.php?portal=0a10&action=view_profile&id=10846,assoc793.csv
www.contactcanada.com/database/freesearch.php?portal=0a10&action=view_profile&id=5616,assoc794.csv
www.contactcanada.com/database/freesearch.php?portal=0a10&action=view_profile&id=5622,assoc795.csv
www.contactcanada.com/database/freesearch.php?portal=0a10&action=view_profile&id=9950,assoc796.csv
www.contactcanada.com/database/freesearch.php?portal=0a10&action=view_profile&id=13730,assoc797.csv
www.contactcanada.com/database/freesearch.php?portal=0a10&action=view_profile&id=13458,assoc798.csv
www.contactcanada.com/database/freesearch.php?portal=0a10&action=view_profile&id=11167,assoc799.csv
www.contactcanada.com/database/freesearch.php?portal=0a10&action=view_profile&id=7959,assoc800.csv
www.contactcanada.com/database/freesearch.php?portal=0a10&action=view_profile&id=9776,assoc801.csv
www.contactcanada.com/database/freesearch.php?portal=0a10&action=view_profile&id=13893,assoc802.csv
www.contactcanada.com/database/freesearch.php?portal=0a10&action=view_profile&id=5721,assoc803.csv
www.contactcanada.com/database/freesearch.php?portal=0a10&action=view_profile&id=5782,assoc804.csv
www.contactcanada.com/database/freesearch.php?portal=0a10&action=view_profile&id=5783,assoc805.csv
www.contactcanada.com/database/freesearch.php?portal=0a10&action=view_profile&id=5792,assoc806.csv
www.contactcanada.com/database/freesearch.php?portal=0a10&action=view_profile&id=5802,assoc807.csv
www.contactcanada.com/database/freesearch.php?portal=0a10&action=view_profile&id=5805,assoc808.csv
www.contactcanada.com/database/freesearch.php?portal=0a10&action=view_profile&id=14594,assoc809.csv
www.contactcanada.com/database/freesearch.php?portal=0a10&action=view_profile&id=14167,assoc810.csv
www.contactcanada.com/database/freesearch.php?portal=0a10&action=view_profile&id=8678,assoc811.csv
www.contactcanada.com/database/freesearch.php?portal=0a10&action=view_profile&id=14380,assoc812.csv
www.contactcanada.com/database/freesearch.php?portal=0a10&action=view_profile&id=5853,assoc813.csv
www.contactcanada.com/database/freesearch.php?portal=0a10&action=view_profile&id=14777,assoc814.csv
www.contactcanada.com/database/freesearch.php?portal=0a10&action=view_profile&id=9801,assoc815.csv
www.contactcanada.com/database/freesearch.php?portal=0a10&action=view_profile&id=13748,assoc816.csv
www.contactcanada.com/database/freesearch.php?portal=0a10&action=view_profile&id=5879,assoc817.csv
www.contactcanada.com/database/freesearch.php?portal=0a10&action=view_profile&id=5880,assoc818.csv
www.contactcanada.com/database/freesearch.php?portal=0a10&action=view_profile&id=14828,assoc819.csv
www.contactcanada.com/database/freesearch.php?portal=0a10&action=view_profile&id=10824,assoc820.csv
www.contactcanada.com/database/freesearch.php?portal=0a10&action=view_profile&id=5913,assoc821.csv
www.contactcanada.com/database/freesearch.php?portal=0a10&action=view_profile&id=14160,assoc822.csv
www.contactcanada.com/database/freesearch.php?portal=0a10&action=view_profile&id=15940,assoc823.csv
www.contactcanada.com/database/freesearch.php?portal=0a10&action=view_profile&id=5940,assoc824.csv
www.contactcanada.com/database/freesearch.php?portal=0a10&action=view_profile&id=8061,assoc825.csv
www.contactcanada.com/database/freesearch.php?portal=0a10&action=view_profile&id=11701,assoc826.csv
www.contactcanada.com/database/freesearch.php?portal=0a10&action=view_profile&id=10825,assoc827.csv
www.contactcanada.com/database/freesearch.php?portal=0a10&action=view_profile&id=15347,assoc828.csv
www.contactcanada.com/database/freesearch.php?portal=0a10&action=view_profile&id=5951,assoc829.csv
www.contactcanada.com/database/freesearch.php?portal=0a10&action=view_profile&id=14151,assoc830.csv
www.contactcanada.com/database/freesearch.php?portal=0a10&action=view_profile&id=2850,assoc831.csv
www.contactcanada.com/database/freesearch.php?portal=0a10&action=view_profile&id=13455,assoc832.csv
www.contactcanada.com/database/freesearch.php?portal=0a10&action=view_profile&id=13749,assoc833.csv
www.contactcanada.com/database/freesearch.php?portal=0a10&action=view_profile&id=5968,assoc834.csv
www.contactcanada.com/database/freesearch.php?portal=0a10&action=view_profile&id=13574,assoc835.csv
www.contactcanada.com/database/freesearch.php?portal=0a10&action=view_profile&id=10610,assoc836.csv
www.contactcanada.com/database/freesearch.php?portal=0a10&action=view_profile&id=5985,assoc837.csv
www.contactcanada.com/database/freesearch.php?portal=0a10&action=view_profile&id=12448,assoc838.csv
www.contactcanada.com/database/freesearch.php?portal=0a10&action=view_profile&id=8051,assoc839.csv
www.contactcanada.com/database/freesearch.php?portal=0a10&action=view_profile&id=13459,assoc840.csv
www.contactcanada.com/database/freesearch.php?portal=0a10&action=view_profile&id=6002,assoc841.csv
www.contactcanada.com/database/freesearch.php?portal=0a10&action=view_profile&id=11215,assoc842.csv
www.contactcanada.com/database/freesearch.php?portal=0a10&action=view_profile&id=11159,assoc843.csv
www.contactcanada.com/database/freesearch.php?portal=0a10&action=view_profile&id=6053,assoc844.csv
www.contactcanada.com/database/freesearch.php?portal=0a10&action=view_profile&id=14830,assoc845.csv
www.contactcanada.com/database/freesearch.php?portal=0a10&action=view_profile&id=6066,assoc846.csv
www.contactcanada.com/database/freesearch.php?portal=0a10&action=view_profile&id=10569,assoc847.csv
www.contactcanada.com/database/freesearch.php?portal=0a10&action=view_profile&id=16355,assoc848.csv
www.contactcanada.com/database/freesearch.php?portal=0a10&action=view_profile&id=9886,assoc849.csv
www.contactcanada.com/database/freesearch.php?portal=0a10&action=view_profile&id=4102,assoc850.csv
www.contactcanada.com/database/freesearch.php?portal=0a10&action=view_profile&id=14690,assoc851.csv
www.contactcanada.com/database/freesearch.php?portal=0a10&action=view_profile&id=13562,assoc852.csv
www.contactcanada.com/database/freesearch.php?portal=0a10&action=view_profile&id=6138,assoc853.csv
www.contactcanada.com/database/freesearch.php?portal=0a10&action=view_profile&id=10612,assoc854.csv
www.contactcanada.com/database/freesearch.php?portal=0a10&action=view_profile&id=6147,assoc855.csv
www.contactcanada.com/database/freesearch.php?portal=0a10&action=view_profile&id=6157,assoc856.csv
www.contactcanada.com/database/freesearch.php?portal=0a10&action=view_profile&id=6158,assoc857.csv
www.contactcanada.com/database/freesearch.php?portal=0a10&action=view_profile&id=6165,assoc858.csv
www.contactcanada.com/database/freesearch.php?portal=0a10&action=view_profile&id=13750,assoc859.csv
www.contactcanada.com/database/freesearch.php?portal=0a10&action=view_profile&id=14144,assoc860.csv
www.contactcanada.com/database/freesearch.php?portal=0a10&action=view_profile&id=8663,assoc861.csv
www.contactcanada.com/database/freesearch.php?portal=0a10&action=view_profile&id=13751,assoc862.csv
www.contactcanada.com/database/freesearch.php?portal=0a10&action=view_profile&id=10678,assoc863.csv
www.contactcanada.com/database/freesearch.php?portal=0a10&action=view_profile&id=6226,assoc864.csv
www.contactcanada.com/database/freesearch.php?portal=0a10&action=view_profile&id=14693,assoc865.csv
www.contactcanada.com/database/freesearch.php?portal=0a10&action=view_profile&id=7108,assoc866.csv
www.contactcanada.com/database/freesearch.php?portal=0a10&action=view_profile&id=2123,assoc867.csv
www.contactcanada.com/database/freesearch.php?portal=0a10&action=view_profile&id=8638,assoc868.csv
www.contactcanada.com/database/freesearch.php?portal=0a10&action=view_profile&id=9777,assoc869.csv
www.contactcanada.com/database/freesearch.php?portal=0a10&action=view_profile&id=6236,assoc870.csv
www.contactcanada.com/database/freesearch.php?portal=0a10&action=view_profile&id=6237,assoc871.csv
www.contactcanada.com/database/freesearch.php?portal=0a10&action=view_profile&id=15201,assoc872.csv
www.contactcanada.com/database/freesearch.php?portal=0a10&action=view_profile&id=6268,assoc873.csv
www.contactcanada.com/database/freesearch.php?portal=0a10&action=view_profile&id=14053,assoc874.csv
www.contactcanada.com/database/freesearch.php?portal=0a10&action=view_profile&id=7962,assoc875.csv
www.contactcanada.com/database/freesearch.php?portal=0a10&action=view_profile&id=13732,assoc876.csv
www.contactcanada.com/database/freesearch.php?portal=0a10&action=view_profile&id=9204,assoc877.csv
www.contactcanada.com/database/freesearch.php?portal=0a10&action=view_profile&id=15196,assoc878.csv
www.contactcanada.com/database/freesearch.php?portal=0a10&action=view_profile&id=13734,assoc879.csv
www.contactcanada.com/database/freesearch.php?portal=0a10&action=view_profile&id=6294,assoc880.csv
www.contactcanada.com/database/freesearch.php?portal=0a10&action=view_profile&id=14381,assoc881.csv
www.contactcanada.com/database/freesearch.php?portal=0a10&action=view_profile&id=6298,assoc882.csv
www.contactcanada.com/database/freesearch.php?portal=0a10&action=view_profile&id=14695,assoc883.csv
www.contactcanada.com/database/freesearch.php?portal=0a10&action=view_profile&id=13456,assoc884.csv
www.contactcanada.com/database/freesearch.php?portal=0a10&action=view_profile&id=8614,assoc885.csv
www.contactcanada.com/database/freesearch.php?portal=0a10&action=view_profile&id=14084,assoc886.csv
www.contactcanada.com/database/freesearch.php?portal=0a10&action=view_profile&id=13782,assoc887.csv
www.contactcanada.com/database/freesearch.php?portal=0a10&action=view_profile&id=6329,assoc888.csv
www.contactcanada.com/database/freesearch.php?portal=0a10&action=view_profile&id=14787,assoc889.csv
www.contactcanada.com/database/freesearch.php?portal=0a10&action=view_profile&id=6334,assoc890.csv
www.contactcanada.com/database/freesearch.php?portal=0a10&action=view_profile&id=15192,assoc891.csv
www.contactcanada.com/database/freesearch.php?portal=0a10&action=view_profile&id=13761,assoc892.csv
www.contactcanada.com/database/freesearch.php?portal=0a10&action=view_profile&id=6350,assoc893.csv
www.contactcanada.com/database/freesearch.php?portal=0a10&action=view_profile&id=10774,assoc894.csv
www.contactcanada.com/database/freesearch.php?portal=0a10&action=view_profile&id=13719,assoc895.csv
www.contactcanada.com/database/freesearch.php?portal=0a10&action=view_profile&id=9800,assoc896.csv
www.contactcanada.com/database/freesearch.php?portal=0a10&action=view_profile&id=7987,assoc897.csv
www.contactcanada.com/database/freesearch.php?portal=0a10&action=view_profile&id=6381,assoc898.csv
www.contactcanada.com/database/freesearch.php?portal=0a10&action=view_profile&id=11057,assoc899.csv
www.contactcanada.com/database/freesearch.php?portal=0a10&action=view_profile&id=14159,assoc900.csv
www.contactcanada.com/database/freesearch.php?portal=0a10&action=view_profile&id=14049,assoc901.csv
www.contactcanada.com/database/freesearch.php?portal=0a10&action=view_profile&id=6400,assoc902.csv
www.contactcanada.com/database/freesearch.php?portal=0a10&action=view_profile&id=14696,assoc903.csv
www.contactcanada.com/database/freesearch.php?portal=0a10&action=view_profile&id=10681,assoc904.csv
www.contactcanada.com/database/freesearch.php?portal=0a10&action=view_profile&id=14391,assoc905.csv
www.contactcanada.com/database/freesearch.php?portal=0a10&action=view_profile&id=6064,assoc906.csv
www.contactcanada.com/database/freesearch.php?portal=0a10&action=view_profile&id=14775,assoc907.csv
www.contactcanada.com/database/freesearch.php?portal=0a10&action=view_profile&id=13753,assoc908.csv
www.contactcanada.com/database/freesearch.php?portal=0a10&action=view_profile&id=13528,assoc909.csv
www.contactcanada.com/database/freesearch.php?portal=0a10&action=view_profile&id=14038,assoc910.csv
www.contactcanada.com/database/freesearch.php?portal=0a10&action=view_profile&id=9162,assoc911.csv
www.contactcanada.com/database/freesearch.php?portal=0a10&action=view_profile&id=13755,assoc912.csv
www.contactcanada.com/database/freesearch.php?portal=0a10&action=view_profile&id=6451,assoc913.csv
www.contactcanada.com/database/freesearch.php?portal=0a10&action=view_profile&id=2952,assoc914.csv
www.contactcanada.com/database/freesearch.php?portal=0a10&action=view_profile&id=8053,assoc915.csv
www.contactcanada.com/database/freesearch.php?portal=0a10&action=view_profile&id=14698,assoc916.csv
www.contactcanada.com/database/freesearch.php?portal=0a10&action=view_profile&id=9847,assoc917.csv
www.contactcanada.com/database/freesearch.php?portal=0a10&action=view_profile&id=13700,assoc918.csv
www.contactcanada.com/database/freesearch.php?portal=0a10&action=view_profile&id=10766,assoc919.csv
www.contactcanada.com/database/freesearch.php?portal=0a10&action=view_profile&id=6501,assoc920.csv
www.contactcanada.com/database/freesearch.php?portal=0a10&action=view_profile&id=14699,assoc921.csv
www.contactcanada.com/database/freesearch.php?portal=0a10&action=view_profile&id=9949,assoc922.csv
www.contactcanada.com/database/freesearch.php?portal=0a10&action=view_profile&id=9146,assoc923.csv
www.contactcanada.com/database/freesearch.php?portal=0a10&action=view_profile&id=14051,assoc924.csv
www.contactcanada.com/database/freesearch.php?portal=0a10&action=view_profile&id=13687,assoc925.csv
www.contactcanada.com/database/freesearch.php?portal=0a10&action=view_profile&id=8936,assoc926.csv
www.contactcanada.com/database/freesearch.php?portal=0a10&action=view_profile&id=6535,assoc927.csv
www.contactcanada.com/database/freesearch.php?portal=0a10&action=view_profile&id=14178,assoc928.csv
www.contactcanada.com/database/freesearch.php?portal=0a10&action=view_profile&id=9842,assoc929.csv
www.contactcanada.com/database/freesearch.php?portal=0a10&action=view_profile&id=9157,assoc930.csv
www.contactcanada.com/database/freesearch.php?portal=0a10&action=view_profile&id=13731,assoc931.csv
www.contactcanada.com/database/freesearch.php?portal=0a10&action=view_profile&id=159,assoc932.csv
www.contactcanada.com/database/freesearch.php?portal=0a10&action=view_profile&id=14025,assoc933.csv
www.contactcanada.com/database/freesearch.php?portal=0a10&action=view_profile&id=6595,assoc934.csv
www.contactcanada.com/database/freesearch.php?portal=0a10&action=view_profile&id=6606,assoc935.csv
www.contactcanada.com/database/freesearch.php?portal=0a10&action=view_profile&id=6619,assoc936.csv
www.contactcanada.com/database/freesearch.php?portal=0a10&action=view_profile&id=13511,assoc937.csv
www.contactcanada.com/database/freesearch.php?portal=0a10&action=view_profile&id=14061,assoc938.csv
www.contactcanada.com/database/freesearch.php?portal=0a10&action=view_profile&id=6642,assoc939.csv
www.contactcanada.com/database/freesearch.php?portal=0a10&action=view_profile&id=14382,assoc940.csv
www.contactcanada.com/database/freesearch.php?portal=0a10&action=view_profile&id=6646,assoc941.csv
www.contactcanada.com/database/freesearch.php?portal=0a10&action=view_profile&id=10761,assoc942.csv
www.contactcanada.com/database/freesearch.php?portal=0a10&action=view_profile&id=7929,assoc943.csv
www.contactcanada.com/database/freesearch.php?portal=0a10&action=view_profile&id=9318,assoc944.csv
www.contactcanada.com/database/freesearch.php?portal=0a10&action=view_profile&id=6691,assoc945.csv
www.contactcanada.com/database/freesearch.php?portal=0a10&action=view_profile&id=9887,assoc946.csv
www.contactcanada.com/database/freesearch.php?portal=0a10&action=view_profile&id=14753,assoc947.csv
www.contactcanada.com/database/freesearch.php?portal=0a10&action=view_profile&id=13690,assoc948.csv
www.contactcanada.com/database/freesearch.php?portal=0a10&action=view_profile&id=14183,assoc949.csv
www.contactcanada.com/database/freesearch.php?portal=0a10&action=view_profile&id=13718,assoc950.csv
www.contactcanada.com/database/freesearch.php?portal=0a10&action=view_profile&id=6718,assoc951.csv
www.contactcanada.com/database/freesearch.php?portal=0a10&action=view_profile&id=11091,assoc952.csv
www.contactcanada.com/database/freesearch.php?portal=0a10&action=view_profile&id=1361,assoc953.csv
www.contactcanada.com/database/freesearch.php?portal=0a10&action=view_profile&id=910,assoc954.csv
www.contactcanada.com/database/freesearch.php?portal=0a10&action=view_profile&id=11252,assoc955.csv
www.contactcanada.com/database/freesearch.php?portal=0a10&action=view_profile&id=13758,assoc956.csv
www.contactcanada.com/database/freesearch.php?portal=0a10&action=view_profile&id=13738,assoc957.csv
www.contactcanada.com/database/freesearch.php?portal=0a10&action=view_profile&id=2840,assoc958.csv
www.contactcanada.com/database/freesearch.php?portal=0a10&action=view_profile&id=15844,assoc959.csv
www.contactcanada.com/database/freesearch.php?portal=0a10&action=view_profile&id=15193,assoc960.csv
www.contactcanada.com/database/freesearch.php?portal=0a10&action=view_profile&id=13739,assoc961.csv
www.contactcanada.com/database/freesearch.php?portal=0a10&action=view_profile&id=11703,assoc962.csv
www.contactcanada.com/database/freesearch.php?portal=0a10&action=view_profile&id=14152,assoc963.csv
www.contactcanada.com/database/freesearch.php?portal=0a10&action=view_profile&id=9148,assoc964.csv
www.contactcanada.com/database/freesearch.php?portal=0a10&action=view_profile&id=14701,assoc965.csv
www.contactcanada.com/database/freesearch.php?portal=0a10&action=view_profile&id=11144,assoc966.csv
www.contactcanada.com/database/freesearch.php?portal=0a10&action=view_profile&id=9888,assoc967.csv
www.contactcanada.com/database/freesearch.php?portal=0a10&action=view_profile&id=10614,assoc968.csv
www.contactcanada.com/database/freesearch.php?portal=0a10&action=view_profile&id=15194,assoc969.csv
www.contactcanada.com/database/freesearch.php?portal=0a10&action=view_profile&id=15169,assoc970.csv
www.contactcanada.com/database/freesearch.php?portal=0a10&action=view_profile&id=6915,assoc971.csv
www.contactcanada.com/database/freesearch.php?portal=0a10&action=view_profile&id=11238,assoc972.csv
www.contactcanada.com/database/freesearch.php?portal=0a10&action=view_profile&id=6922,assoc973.csv
www.contactcanada.com/database/freesearch.php?portal=0a10&action=view_profile&id=6927,assoc974.csv
www.contactcanada.com/database/freesearch.php?portal=0a10&action=view_profile&id=8055,assoc975.csv
www.contactcanada.com/database/freesearch.php?portal=0a10&action=view_profile&id=13760,assoc976.csv
www.contactcanada.com/database/freesearch.php?portal=0a10&action=view_profile&id=6975,assoc977.csv
www.contactcanada.com/database/freesearch.php?portal=0a10&action=view_profile&id=10437,assoc978.csv
www.contactcanada.com/database/freesearch.php?portal=0a10&action=view_profile&id=6984,assoc979.csv
www.contactcanada.com/database/freesearch.php?portal=0a10&action=view_profile&id=6998,assoc980.csv
www.contactcanada.com/database/freesearch.php?portal=0a10&action=view_profile&id=14615,assoc981.csv
www.contactcanada.com/database/freesearch.php?portal=0a10&action=view_profile&id=7011,assoc982.csv
www.contactcanada.com/database/freesearch.php?portal=0a10&action=view_profile&id=7018,assoc983.csv
www.contactcanada.com/database/freesearch.php?portal=0a10&action=view_profile&id=14702,assoc984.csv
www.contactcanada.com/database/freesearch.php?portal=0a10&action=view_profile&id=10709,assoc985.csv
www.contactcanada.com/database/freesearch.php?portal=0a10&action=view_profile&id=7029,assoc986.csv
www.contactcanada.com/database/freesearch.php?portal=0a10&action=view_profile&id=9785,assoc987.csv
www.contactcanada.com/database/freesearch.php?portal=0a10&action=view_profile&id=9155,assoc988.csv
www.contactcanada.com/database/freesearch.php?portal=0a10&action=view_profile&id=4936,assoc989.csv
www.contactcanada.com/database/freesearch.php?portal=0a10&action=view_profile&id=13435,assoc990.csv
www.contactcanada.com/database/freesearch.php?portal=0a10&action=view_profile&id=7049,assoc991.csv
www.contactcanada.com/database/freesearch.php?portal=0a10&action=view_profile&id=9870,assoc992.csv
www.contactcanada.com/database/freesearch.php?portal=0a10&action=view_profile&id=9975,assoc993.csv
www.contactcanada.com/database/freesearch.php?portal=0a10&action=view_profile&id=14180,assoc994.csv
www.contactcanada.com/database/freesearch.php?portal=0a10&action=view_profile&id=13466,assoc995.csv
www.contactcanada.com/database/freesearch.php?portal=0a10&action=view_profile&id=11145,assoc996.csv
www.contactcanada.com/database/freesearch.php?portal=0a10&action=view_profile&id=13471,assoc997.csv
www.contactcanada.com/database/freesearch.php?portal=0a10&action=view_profile&id=8630,assoc998.csv
www.contactcanada.com/database/freesearch.php?portal=0a10&action=view_profile&id=7098,assoc999.csv